0.30728355050086975,0.0,0.026193633675575256,0.0,0.0,0.0,0.0,0.0,0.016251837834715843,0.05645259842276573,0.016251837834715843,-0.03751317411661148,0.016251837834715843,0.01625407487154007,0.0,-0.21191023290157318,0.0,0.0,0.0,0.0,0.0,0.06337610632181168,-0.07539001107215881,0.0,0.006425686180591583,-0.05373132973909378,1.0,0.0,0.0,0.0,0.008380956947803497,0.0,0.0,0.0,0.0,0.0,0.0063162255100905895,0.0,0.0,0.0,0.0,0
0.9010910987854004,0.0,-0.06604982912540436,0.0,0.03745531290769577,0.0,0.0,0.0,0.03969419002532959,0.0,0.02526373416185379,2.5749999622348696e-05,2.0333443899289705e-05,2.260721339553129e-05,0.0,2.5749999622348696e-05,0.0,0.038184016942977905,0.0,-0.15004059672355652,-0.043536245822906494,-0.031799692660570145,0.0,0.0,0.0,0.0,0.04221244901418686,0.0,0.0,0.0,0.0,0.0,0.0,0.0,0.0,0.0,0.0,0.0,0.0,0.0,0.0,0
0.27908459305763245,0.06122248247265816,0.1598985344171524,0.0,0.0,0.03051116317510605,0.05538380146026611,0.0,-0.08257445693016052,0.0,0.15916211903095245,0.15916667878627777,0.15916211903095245,0.15916402637958527,0.0,0.15916667878627777,0.0,0.01211300864815712,0.0,0.003393299877643585,0.0,0.0,0.0,0.0,0.0,0.0,-0.03560405224561691,0.0,-0.03670705854892731,0.0,0.0,0.0,0.0,0.0,0.0,0.0,0.0063162255100905895,0.0,0.0,0.0,0.15916666388511658,0
0.3009068965911865,0.0,0.034181080758571625,0.07337372750043869,0.0,0.0,0.042146630585193634,-0.016232648864388466,0.0340769924223423,0.0,0.0340769924223423,0.03408222645521164,0.0340769924223423,0.03407919034361839,0.0,0.03408222645521164,0.0,0.0,0.0,0.0,0.0,0.012911070138216019,0.0,-0.1774473488330841,0.0,0.0,1.0,-0.09200219810009003,0.0,0.0,0.031692393124103546,0.0,0.0,0.07168866693973541,0.011836644262075424,0.0,0.0019673488568514585,-0.05665288120508194,0.0,0.0,0.0,0
0.3034575581550598,-0.09249922633171082,0.03214577957987785,0.0,0.0,0.0,0.0,-0.06963574886322021,0.011909466236829758,0.009765362367033958,0.03204789012670517,0.03085428848862648,0.03204789012670517,0.03205009177327156,0.0,0.032053131610155106,0.08584187924861908,0.0,0.0,0.0,0.0,0.0,0.0,0.0,0.02569824829697609,0.0,1.0,0.0,-0.18691019713878632,0.0,0.09289301186800003,0.0,0.0,0.0,0.0,-0.001292593777179718,0.0063162255100905895,0.0,0.0,0.0,0.0,0
0.3079212009906769,0.0,0.00168319302611053,-0.033303581178188324,0.0,0.0,0.0,0.0,0.08838701993227005,-0.04092556983232498,0.047569409012794495,0.034349225461483,0.0016780673759058118,0.0016803373582661152,0.0,0.0016834749840199947,0.0,-0.15232977271080017,0.0,0.0,0.0,0.0,0.0058390917256474495,0.0,0.0,0.0,1.0,0.0,0.0,0.07393108308315277,0.0,0.0,0.0,0.0,0.0,-0.027191605418920517,-6.064772605895996e-05,0.0,0.0,0.0,0.0,0
0.18109677731990814,0.0,0.05102429538965225,0.0,-0.05828589200973511,0.0,0.0,0.0,0.050868917256593704,0.0,0.04497257620096207,0.05087405815720558,0.050868917256593704,0.050871074199676514,-0.010940264910459518,0.05087405815720558,0.0,0.0,0.0,0.0,0.0,0.0,-0.08217915147542953,0.0,0.0,0.05235050618648529,1.0,0.0,0.0,0.0,0.0,0.0,0.0,0.0,0.0,0.0,0.0578329861164093,-0.13456088304519653,0.023548655211925507,0.0,0.050874050706624985,0
0.17358650267124176,0.0,-0.14630627632141113,0.0,0.0,0.0,0.0,0.0,0.06776384264230728,0.0,0.06776384264230728,0.01584024727344513,0.06776384264230728,0.06776595860719681,0.0,0.055375583469867706,0.0,0.0,-0.09191370755434036,0.007541827857494354,-0.027242010459303856,0.0,0.0,0.0,0.0,0.0,0.041095174849033356,0.0,0.0,0.0,0.0,0.0,0.0,0.009535480290651321,0.0,0.0,0.0019673488568514585,-0.05890088528394699,0.0,0.0,0.0677688866853714,0
0.304803729057312,0.0,0.025160763412714005,0.0,0.0,0.0,0.05636201426386833,0.0,0.09602803736925125,0.0,0.02508414350450039,0.02508942410349846,0.02508414350450039,0.023946473374962807,0.0,0.02508942410349846,-0.05464539676904678,0.04800700396299362,0.0,0.0,0.0,0.0,0.0,0.0,-0.18136590719223022,0.0,1.0,0.01381634920835495,0.0,0.0,-0.06257393211126328,0.0,0.0,-0.06725085526704788,0.0,0.0,0.0063162255100905895,0.0,0.0,0.013024523854255676,0.0,0
0.3034575581550598,0.0,0.03214577957987785,0.0,0.06764638423919678,0.0,0.026509493589401245,0.07275983691215515,0.04544544592499733,0.0,0.03204789012670517,0.032053131610155106,0.03204789012670517,0.03205009177327156,0.0,0.032053131610155106,0.0,0.009259101934731007,0.0,0.0,0.0,0.0,0.007210183888673782,0.0,0.0,0.0,1.0,0.0,-0.194786936044693,-0.04962936043739319,0.0,0.0,0.0,0.0,0.0,0.0,0.0063162255100905895,0.0,-0.03656740114092827,0.0,0.0,0
0.29311323165893555,0.0,0.08566147089004517,0.0,-0.04095715284347534,0.023200511932373047,0.0,0.03890284523367882,0.09082841873168945,0.0,0.09082841873168945,0.05396292731165886,0.09082841873168945,-0.07211456447839737,0.0,0.09083334356546402,0.0,0.0,0.0,0.0,0.0,0.003110818564891815,0.0,0.0,-0.14458312094211578,0.0,1.0,0.0,-0.0790255218744278,0.0,0.0,0.0,0.0,0.0,0.0,0.0,0.0019673488568514585,0.0,0.0,0.0,0.09083333611488342,0
0.9056256413459778,0.0,0.02906351536512375,0.028843773528933525,0.0,0.0,0.0,0.0,2.0833445887546986e-05,0.0,2.0833445887546986e-05,2.6249999791616574e-05,0.11122112721204758,2.310721538378857e-05,0.0,2.6249999791616574e-05,0.0,0.042729005217552185,0.0,-0.07771134376525879,0.0,0.0,0.0,0.0,0.0,0.0,-0.04495213180780411,0.0,0.0,0.043458957225084305,-0.03068893775343895,0.0,0.0,0.0,0.0,0.0,0.014571614563465118,0.0,-0.15887291729450226,0.0,0.0,0
0.1735156625509262,0.0,0.06803648173809052,0.01932888850569725,0.0,0.03286045417189598,0.0,0.0,-0.03616718947887421,0.0,0.06782930344343185,0.014710552990436554,0.06782930344343185,0.06783141940832138,0.07322237640619278,-0.18305808305740356,0.0,0.0,0.0,0.0,0.0,0.0,0.0,0.0,0.0,0.0,1.0,0.005147542804479599,0.0,0.04480276256799698,0.0,0.0,0.0,-0.061522118747234344,0.0,0.0,0.0063162255100905895,0.0,0.0,0.0,0.06783434003591537,0
0.17316140234470367,0.0,0.17542220652103424,0.0,0.0,0.0,0.0,0.0,0.02926972508430481,0.0,0.1749955415725708,0.0139671191573143,0.1749955415725708,0.17499741911888123,0.0,0.17500001192092896,0.051418740302324295,0.0,0.0,0.0,0.06864681839942932,0.0,0.0,0.0,0.0,0.0,-0.06024325639009476,0.0,0.0,-0.1899888664484024,0.0,0.0,0.0,0.0,0.0,0.03191603347659111,0.0019673488568514585,0.0,-0.026893658563494682,0.0,-0.05010536313056946,0
0.3034575581550598,0.0,0.03214577957987785,-0.0342559739947319,0.0,0.0,0.0,0.0,0.05256771296262741,0.0,0.033385004848241806,0.032053131610155106,0.03204789012670517,0.03205009177327156,0.0,0.04131593555212021,0.0,0.0,0.0,0.0,0.0,0.0,0.0,0.0,0.0,0.0,-0.18331047892570496,0.0,0.0,0.0,0.0,-0.017844971269369125,0.0,0.0,0.0,0.0,0.0063162255100905895,-0.05912422388792038,0.0,0.04791891574859619,0.0,0
0.1832931786775589,0.0,0.009605811908841133,0.0,0.0,0.0,0.0,-0.14910143613815308,0.009576559998095036,0.0,0.009576559998095036,0.009581925347447395,0.012940555810928345,0.009578811936080456,-0.03528498113155365,0.009581925347447395,0.05701655149459839,0.0,0.0,0.01877928525209427,0.03158615902066231,0.08540040254592896,0.0,0.0,0.028759978711605072,0.0,1.0,0.0,0.0,0.0,0.0,0.0,0.0,-0.06213795393705368,0.0,0.0,-0.07063451409339905,0.0,0.0,0.0,0.0,0
0.03336449712514877,0.0,-0.05743735656142235,0.0,0.0,0.0,0.0,0.0,-0.04640159383416176,0.0,0.06726449728012085,-0.20176708698272705,0.06726449728012085,0.0254291370511055,0.0,0.04727686941623688,0.04367107152938843,0.0,0.0,0.0,0.0,0.0,0.0,0.01180119439959526,0.0,0.0,1.0,0.0,0.1287166178226471,0.0,0.0,0.0,0.0,-0.06063246726989746,0.0,0.0,0.0063162255100905895,0.0,0.0,0.0,0.06726954132318497,0
0.18258467316627502,0.0,0.00963636301457882,0.0,0.0,0.0,0.0,0.08329010754823685,0.009607018902897835,0.0,0.03285357728600502,0.00961238332092762,0.009607018902897835,0.009609270840883255,0.0,-0.0011682137846946716,0.0,0.0,0.0,0.014960981905460358,0.0,0.04476526752114296,0.0,0.0,0.0,-0.03325910121202469,-0.0938488319516182,0.0,0.0,0.0,-0.06128624081611633,0.0,0.0,0.0,0.0,0.0,0.0023815275635570288,0.0,0.0,-0.15438319742679596,0.0,0
0.29311323165893555,0.0,0.06436223536729813,0.0,0.0,-0.10771580040454865,0.0,0.0,0.09082841873168945,0.0,0.09082841873168945,0.09083334356546402,0.09082841873168945,0.016290202736854553,0.0,0.09083334356546402,0.0,0.0,0.02840007096529007,0.0,0.0,0.0,0.0,-0.06548735499382019,0.0,0.032461509108543396,1.0,0.0,0.0,-0.024694226682186127,0.0,0.0,0.0,0.0,0.0,-0.08035817742347717,0.0019673488568514585,0.03585879132151604,0.0,0.0,0.09083333611488342,0
0.907680332660675,0.00914861261844635,2.027016853389796e-05,0.0,0.0,0.0,0.029952093958854675,0.0,2.0208442947478034e-05,0.0,2.0208442947478034e-05,-0.04257556423544884,2.0208442947478034e-05,2.2482212443719618e-05,0.0,2.5625000489526428e-05,0.038021769374608994,0.0,0.042582277208566666,0.0,0.0,0.0,0.0,0.0,0.0,0.0,1.0,0.0,-0.08608510345220566,0.0,-0.11284596472978592,0.0,0.0,0.0,0.0,0.0,0.0,0.05983124300837517,0.0,0.0,-0.05095161497592926,0
0.29630154371261597,0.073311448097229,-0.044205036014318466,0.0,0.0,0.0,0.0,-0.06250637024641037,0.07489914447069168,0.0,0.07489914447069168,0.07490415871143341,0.07489914447069168,0.07490125298500061,0.026108551770448685,0.07490415871143341,0.0,0.0,0.0,0.0,0.0,0.0,0.0,0.0,0.0,0.0,1.0,-0.06325936317443848,0.022986892610788345,0.0354294627904892,0.035018984228372574,0.0,0.0,0.0,-0.1819010078907013,0.0,0.0063162255100905895,0.0,0.0,0.0,0.07490415126085281,0
0.1832931786775589,0.0,0.009605811908841133,0.0,0.0,0.0,0.0,0.0,0.009576559998095036,0.0,0.028896067291498184,0.009581925347447395,0.009576559998095036,0.009578811936080456,0.0,0.009581925347447395,0.0,0.0,0.0895649641752243,0.0024844184517860413,0.05353624373674393,0.0,0.0,0.04999133199453354,0.0,0.0,1.0,0.0,0.060927897691726685,0.0,0.0,0.0,0.0,-0.07691000401973724,0.0,0.0,-0.22919316589832306,0.0,0.0,0.0,-0.031042613089084625,0
0.30544140934944153,0.0,0.02521839737892151,0.036885570734739304,0.0,0.0,0.0,0.0,0.027384236454963684,0.0,-0.011771634221076965,0.06301674991846085,0.025141602382063866,-0.038476135581731796,0.0,0.05395345762372017,0.0,-0.0590285062789917,0.0,0.0,0.0,0.0,0.0,0.0,-0.05560581386089325,0.0,1.0,0.0,0.0,0.0,0.03743060305714607,0.0,0.0,0.0,0.0,0.0,0.0023815275635570288,0.0,0.0,0.0,0.0,0
0.05993242934346199,0.0,0.018779125064611435,0.0,0.0,0.0,-0.0536874458193779,0.0,0.025083519518375397,0.02093004435300827,0.025083519518375397,0.025088800117373466,0.025083519518375397,0.02508573606610298,0.0,-0.06420701742172241,0.0,0.0,0.0,0.06838137656450272,0.0,0.013653568923473358,0.0,0.0,-0.15452608466148376,0.0,1.0,0.0,0.0,0.0,0.0,0.0,0.0,0.0,0.0,0.0,0.0063162255100905895,0.0,0.027200395241379738,0.0,-0.0627417266368866,0
0.179963156580925,0.04743710160255432,0.06403037905693054,0.0,0.0,0.0,0.0,0.0,0.03168183192610741,-0.054286714643239975,0.06383539736270905,0.06384046375751495,0.08219599723815918,0.06383752077817917,0.0,0.06384046375751495,0.0,0.0,0.0,0.04761476069688797,0.0,0.0,0.0,-0.013988569378852844,0.0,0.0,1.0,0.0,-0.17850537598133087,0.0,0.0,0.0,0.014429965987801552,0.0,0.0,0.0,-0.06487958133220673,0.0,0.0,0.0,0.06384045630693436,0
0.17649142444133759,0.0,0.15455780923366547,0.0,0.0,0.0,0.0,0.0,0.15416209399700165,0.0,0.006643012166023254,-0.13532382249832153,-0.07068951427936554,0.15416401624679565,0.0,-0.08359087258577347,0.0,0.03237945958971977,0.03293921425938606,0.0,0.0,0.0,0.0,0.03973112255334854,0.0,0.0,1.0,0.0,0.0,0.0,-0.027516145259141922,0.0,0.0,0.0,0.0,0.0,0.0019673488568514585,0.0,0.0,0.0,0.023312410339713097,0
0.2987813651561737,0.0,0.043132420629262924,0.04134772717952728,0.02045988291501999,-0.03335995972156525,0.0,0.0,0.043001074343919754,0.0,0.043001074343919754,0.043006256222724915,0.043001074343919754,0.043003249913454056,0.0,0.043006256222724915,0.02291659265756607,0.0,0.0,0.0,0.0,-0.03334137797355652,0.0,-0.05760274827480316,0.0,0.0,0.07779161632061005,0.0,0.022713664919137955,0.0,0.0,0.0,0.0,0.0,0.0,0.0,0.09570114314556122,-0.19821934401988983,0.0,0.0,0.04300624877214432,0
0.9024372696876526,0.0,1.311500818701461e-05,0.03727688640356064,-0.14943289756774902,0.06375919282436371,0.0,0.07796500623226166,1.3075070455670357e-05,0.0,-0.0705973282456398,1.8491666196496226e-05,1.3075070455670357e-05,1.5348858141805977e-05,0.0,1.8491666196496226e-05,0.015108469873666763,0.0,0.0,0.0,0.0,0.0,0.0,0.0,0.0,0.0,1.0,0.0,0.0,0.0,0.0,0.0,0.0,0.0,0.0,0.0,-0.033305563032627106,0.0,0.0,0.023860225453972816,-0.042598385363817215,0
0.907963752746582,0.0,1.4795133438383345e-06,0.035715166479349136,0.0,0.0,0.0,0.0,1.475007934459427e-06,0.0,1.475007934459427e-06,6.891666544106556e-06,0.05828254297375679,3.748821200133534e-06,0.0,6.891666544106556e-06,0.0,0.02474226802587509,0.0,-0.12380633503198624,0.0,0.0,0.02703332155942917,-0.04052736237645149,0.0,0.0,1.0,0.0,0.0,0.0,0.0,0.0,-0.04289223998785019,0.012750107795000076,0.0,0.0,0.0,0.0,0.0,0.02556617185473442,0.0,0
0.9058381915092468,0.0,2.0403909729793668e-05,0.037820473313331604,0.0,0.0,0.0,0.0,2.034177668974735e-05,0.0,2.034177668974735e-05,2.575833241280634e-05,2.034177668974735e-05,2.2615546185988933e-05,0.0,2.575833241280634e-05,0.0,-0.08709056675434113,0.0,0.0,0.0,0.0,0.0,0.037308547645807266,0.0,0.0,1.0,0.0,0.0,0.0,0.0,0.0,0.0,0.003045380115509033,0.05128458887338638,-0.07218844443559647,0.05218235403299332,-0.14483246207237244,0.0,0.0,0.0,0
0.9338245987892151,0.0,0.12156696617603302,0.059044864028692245,-0.05787019431591034,0.17855915427207947,0.0,0.07509800046682358,-0.04602726548910141,0.041156791150569916,0.07951436191797256,2.4166666889868793e-07,0.07953213900327682,0.01988120749592781,0.31810614466667175,7.833333484086324e-07,0.1355140209197998,0.06809061020612717,0.1480392962694168,3.968254077335587e-06,0.0,0.06818101555109024,-0.07477374374866486,0.07524235546588898,0.21513153612613678,0.34862643480300903,0.0,0.020353373140096664,0.2063211053609848,0.1733333319425583,0.0,0.0,0.0,0.0,-0.1736319214105606,0.059044864028692245,0.02803228050470352,0.09090909361839294,0.0,9.40542304306291e-05,0.07951933890581131,0
0.9021539092063904,0.0,4.914993496640818e-06,0.0,0.0,0.0065282657742500305,0.0,0.0,4.900026397081092e-06,-0.057168468832969666,4.900026397081092e-06,1.0316666703147348e-05,0.011685810983181,7.1738318183633965e-06,0.0,1.0316666703147348e-05,0.0,0.0,0.0,0.0,0.0,-0.12998884916305542,0.0,0.0,0.059988223016262054,0.041414011269807816,1.0,0.0,0.01158643513917923,0.0,0.0,0.0,-0.05749886855483055,-0.03686729446053505,0.0,0.0,0.0,0.0,0.0,0.0,0.0,0
0.11791598051786423,0.044119857251644135,2.0395551473484375e-05,0.0,0.0,0.04751938208937645,0.0,0.0,2.0333443899289705e-05,0.0,0.015691500157117844,-0.03341768682003021,2.0333443899289705e-05,2.260721339553129e-05,0.0,-0.04744907468557358,0.0,0.0,0.0,0.0,-0.05282759666442871,0.0,-0.20714865624904633,0.03151892125606537,0.0,0.0,1.0,0.0,0.0,0.0,0.0,0.0,0.0,0.0,0.0,0.0,0.0,0.0,0.0,0.0,0.0,0
0.9010910987854004,0.018360372632741928,-0.064127616584301,0.0,0.0,-0.06831896305084229,0.0,0.0,2.0333443899289705e-05,0.02920331060886383,2.0333443899289705e-05,2.5749999622348696e-05,0.05180944502353668,2.260721339553129e-05,0.0,2.5749999622348696e-05,0.0,0.0,0.0,0.0,0.02527603879570961,0.0,0.024246033281087875,0.0,0.0,0.0,1.0,0.0,0.0,0.0,0.0,-0.15979129076004028,-0.05499930679798126,0.0,0.0,0.0,0.0,0.0,0.06748391687870026,0.0,0.0,0
0.2831231355667114,0.0,0.14251761138439178,0.0,0.08468607068061829,0.028108038008213043,0.0,0.0,-0.19438906013965607,0.0,0.14249536395072937,0.06046570464968681,-0.061206571757793427,-0.01610306277871132,0.0,0.14250001311302185,0.0,0.0,0.0,0.0,-0.04286755621433258,0.0,0.0,-0.05675112083554268,0.0,0.0,1.0,0.0,0.0,0.0,0.0,0.0,0.0,0.0,0.0,0.0,0.027232564985752106,0.0,0.04619884118437767,0.0,0.14249999821186066,0
0.9024372696876526,0.0,-0.1437903344631195,0.0,0.0,0.0,0.0,0.038269564509391785,1.3075070455670357e-05,0.0,1.3075070455670357e-05,0.0321403443813324,0.053494397550821304,1.5348858141805977e-05,0.0,0.05899021774530411,0.0,0.0,0.0,0.0,0.0,0.0,0.0,0.0,0.0,0.0,1.0,-0.056417178362607956,0.0,-0.047497645020484924,0.0,0.0,0.0,0.03268679231405258,0.0,0.0,0.0,0.0,0.0,-0.03678952530026436,0.0,0
0.304803729057312,0.0,0.025160763412714005,-0.0267053060233593,0.0,0.0,0.0,0.0,0.049986012279987335,0.05608517676591873,0.02508414350450039,0.02508942410349846,0.02508414350450039,-0.06552650034427643,0.0,0.02508942410349846,-0.07883225381374359,0.021873079240322113,0.0,0.0,0.0,0.0,0.0,0.0,-0.1197572574019432,0.0,0.03764057904481888,0.04646845906972885,0.0,0.0,0.0,0.0,0.0,0.0,0.0,0.023270733654499054,0.0063162255100905895,0.0,0.0,0.0,0.0,0
0.30246564745903015,0.0,0.03384966030716896,0.0,-0.050931416451931,0.0,0.0,-0.068018838763237,0.03374658152461052,0.0,0.08030538260936737,0.02639317885041237,0.03374658152461052,0.03374877944588661,0.0,0.03375181555747986,0.0,0.0,0.0,0.0,0.0,-0.139258474111557,0.02701287344098091,0.021121546626091003,0.0,0.020242540165781975,1.0,0.0,0.0,0.0,0.0,0.0,0.0,0.0,0.0,0.0,0.05602404102683067,0.0,0.0,0.0,0.0,0
0.30182796716690063,0.0,0.03398451209068298,0.0,0.0,0.06877311319112778,0.0,-0.18113432824611664,0.03388102352619171,0.0,0.03388102352619171,0.03388625755906105,0.03388102352619171,0.033883221447467804,0.0,0.03388625755906105,0.0,0.0,-0.010977093130350113,0.0,0.0,0.0,0.0,0.0,0.0,0.0,1.0,0.0,0.0,0.0,0.0,0.0031588561832904816,0.06619924306869507,0.0,0.0,0.0,0.02371229976415634,-0.06007798761129379,0.0,0.038703955709934235,-0.05757947638630867,0
0.907963752746582,0.0,1.4795133438383345e-06,0.0,0.0,0.023079004138708115,0.03807550668716431,0.0,0.03122926503419876,0.0,1.475007934459427e-06,6.891666544106556e-06,1.475007934459427e-06,3.748821200133534e-06,0.0,6.891666544106556e-06,0.0,0.0,0.0,0.0,-0.02105865627527237,0.0,0.0,0.05085095763206482,-0.04101809114217758,0.0,1.0,0.0,-0.07444272190332413,0.0,0.0,0.0,-0.10987429320812225,0.0,0.0,0.07300390303134918,0.0,0.0,0.0,0.0,0.0,0
0.9021539092063904,0.055889859795570374,0.03868026286363602,-0.055743709206581116,0.0,0.0,0.0,0.0,4.900026397081092e-06,0.0,0.022394826635718346,1.0316666703147348e-05,4.900026397081092e-06,7.1738318183633965e-06,0.0,-0.008059578016400337,0.0,0.0,0.0,0.0,0.0,0.0,0.0,0.0,0.0,0.0,1.0,0.0,0.043740034103393555,0.0,0.0,0.0,0.0,0.006717681884765625,-0.09559381008148193,0.0,0.0,0.03252648562192917,0.0,0.0,-0.15910452604293823,0
0.28886210918426514,0.0,0.10156579315662384,0.0,0.02816104143857956,0.0,0.040340181440114975,0.0,0.1016618087887764,0.0,0.1016618087887764,0.10166667401790619,0.1016618087887764,-0.0435745008289814,0.0,-0.13582924008369446,0.0,0.0,0.0,0.0,0.0,0.0,0.0,0.0,-0.05384569615125656,0.0,1.0,0.0,0.0,-0.07845671474933624,0.01572040468454361,0.0,0.04455380141735077,0.0,0.0,0.0,0.0063162255100905895,0.0,0.0,0.0,0.10166666656732559,0
0.2873033881187439,0.0,0.11015666276216507,0.0,-0.009932229295372963,0.0,0.0,0.0,0.10999518632888794,0.06353753060102463,0.10999518632888794,0.11000000685453415,0.10999518632888794,0.033826399594545364,0.07181946188211441,0.11000000685453415,0.0,0.0,-0.02795974723994732,0.0,0.0,0.0,0.0,0.0,0.0,0.0,-0.14662843942642212,0.0,0.0,-0.07107540965080261,0.0,0.0,0.0,0.0,0.0,0.0,0.0063162255100905895,0.0,0.0,0.0,0.054058752954006195,0
0.9688961505889893,0.0,0.06776280701160431,-0.004288708791136742,-0.13860246539115906,0.30304333567619324,0.0,0.06284932792186737,0.018313825130462646,0.05747450888156891,0.10499516129493713,3.6666665437223855e-07,0.10499516129493713,0.02621377818286419,0.4194318652153015,4.0000000467443897e-07,0.16448597609996796,0.10977731645107269,0.20434381067752838,1.9492063074721955e-05,0.0,0.0,0.014418885111808777,0.1733333319425583,0.01868845522403717,0.38807183504104614,0.0,0.0,0.2300885021686554,0.1733333319425583,0.0,0.05116528645157814,0.0589224174618721,0.0,0.1666666716337204,0.03738043084740639,-0.08038678765296936,0.09090909361839294,0.0,8.373120363103226e-05,0.10499999672174454,0
0.2873033881187439,0.0,0.01624029129743576,0.0,-0.05064019933342934,0.0,-0.15685437619686127,0.0,0.10999518632888794,0.0,0.10999518632888794,0.11000000685453415,0.10999518632888794,0.1099972128868103,0.05904698371887207,0.11000000685453415,0.0,0.0,0.0,0.04575059190392494,0.03825487941503525,0.0,0.0,0.0,0.0,-0.06850770860910416,-0.02790687046945095,0.0,0.019039668142795563,0.049627795815467834,0.0,0.0,0.0,0.0,0.0,0.0,0.0063162255100905895,0.0,0.0,0.0,0.10999999940395355,0
0.2958764433860779,0.0,0.07519414275884628,0.0,0.0,0.0,0.0,0.0,0.07496516406536102,0.0,0.07496516406536102,0.07497017085552216,0.031654730439186096,0.07496726512908936,-0.17023521661758423,-0.03584488108754158,0.01477610319852829,0.0,0.0,0.0,0.10733423382043839,0.0,0.0,0.011342011392116547,-0.06043277680873871,0.05667358636856079,-0.07766302675008774,0.0,0.0,0.0,0.0,0.0,0.0,0.0,0.0,0.0,0.0063162255100905895,0.0,0.0,0.0,0.07497016340494156,0
0.175924614071846,0.0,0.15465842187404633,0.0,0.0,0.0,0.04587739706039429,0.0,0.15416209399700165,0.0,0.05091732740402222,0.15416666865348816,-0.06795840710401535,-0.03385010361671448,0.0,0.15416666865348816,0.0,0.0,0.0,0.0,0.058462731540203094,0.0,-0.1517779529094696,0.0,0.0,0.0,0.0677497535943985,0.0,0.0,0.0,0.029196370393037796,0.0,0.0,0.0,-0.015245520509779453,0.0,0.0063162255100905895,0.0,-0.009432820603251457,0.0,0.15416666865348816,0
0.907680332660675,0.0,-0.06482689082622528,0.0,0.0,0.0,0.0,0.0,-0.03132390230894089,0.0,2.0208442947478034e-05,2.5625000489526428e-05,2.0208442947478034e-05,2.2482212443719618e-05,0.0,2.5625000489526428e-05,0.0,0.0,0.0,0.0,0.0,0.11113850027322769,0.0,0.0,0.0,0.0,0.015843026340007782,0.0,0.0,0.0506293810904026,0.0,-0.07560184597969055,0.04234809800982475,0.04722708836197853,0.0,0.0,0.0,0.0,0.0,-0.18266668915748596,0.0,0
0.9363043904304504,0.0,0.14715152978897095,0.08379160612821579,-0.06088600307703018,0.17855915427207947,0.0,0.06473899632692337,0.01833319664001465,0.05754464492201805,0.10499516129493713,1.7499999671599653e-07,0.10499516129493713,0.03500770404934883,0.48506179451942444,3.991666744695976e-06,0.16448597609996796,0.08242015540599823,0.19203197956085205,6.126984317234019e-06,0.0,0.0,0.0,0.058821022510528564,0.17772898077964783,0.010123543441295624,0.044376958161592484,0.00457005575299263,0.3659924268722534,0.11999999731779099,-0.041832588613033295,0.0,0.04294493421912193,0.0,-0.039044883102178574,0.08379160612821579,1.0,-0.15174353122711182,0.0,0.00014006179117131978,0.10499999672174454,0
0.18031741678714752,0.0,0.09635242819786072,0.0,0.0,-0.042677368968725204,0.0,0.0,0.09582844376564026,0.0,0.09582844376564026,-0.06382714956998825,-0.03480080887675285,0.09583050012588501,0.04657310992479324,0.09583333879709244,0.0,0.0,0.04366673529148102,0.0,0.0,0.04224826395511627,0.0,0.0,0.0,0.0,1.0,0.0,0.0,0.021008163690567017,0.0,0.0,0.0,0.03665807098150253,-0.1548551619052887,0.0,0.0063162255100905895,0.0,0.0,0.0,0.09583333134651184,0
0.18258467316627502,0.0,0.00963636301457882,-0.141401469707489,0.038925208151340485,0.0,0.07495324313640594,0.0,0.009607018902897835,0.0,-0.015103446319699287,0.00961238332092762,0.009607018902897835,0.009609270840883255,0.050266385078430176,0.00961238332092762,0.0,0.0,0.027570700272917747,0.0,0.0,0.0,0.0,0.0,0.0,0.0,1.0,0.030785702168941498,0.0,0.0,0.0,0.0,0.0,-0.07513454556465149,0.0,0.0,0.0023815275635570288,0.0,-0.05309984087944031,0.0,0.0,0
-0.02978798933327198,-0.05872713029384613,0.03023698180913925,0.0,0.0,0.0,0.0,0.0,0.025141602382063866,0.0,0.025141602382063866,0.025146882981061935,0.025141602382063866,-0.041149724274873734,0.0,0.025146882981061935,0.0,0.0,0.0,0.0,0.0,0.018594861030578613,0.0,0.0,0.0,0.0,0.04372807964682579,0.036892738193273544,0.0,0.0,0.034057918936014175,0.0,0.0,0.05913299322128296,0.0,0.0,0.0023815275635570288,-0.15970399975776672,0.0,0.0,0.0,0
0.30529969930648804,0.0,0.023293428122997284,0.0,0.0,0.0,0.0,0.0,0.025140995159745216,0.0,0.025140995159745216,0.06606030464172363,0.025140995159745216,0.0251432117074728,0.0,0.025146273896098137,0.0,0.0,0.0,-0.054171834141016006,0.0,0.0,0.0,0.0,0.014632049947977066,0.0,0.09842566400766373,-0.19653964042663574,0.015637604519724846,0.0,0.0,0.0,-0.04408460482954979,0.0,0.0,0.0,-0.07298049330711365,0.0,0.0,0.0,0.0,0
0.29112938046455383,0.0,-0.061097584664821625,0.0,0.0,0.0,0.0,0.0,0.09249509125947952,0.0,0.09249509125947952,0.09250000864267349,0.09249509125947952,0.09249715507030487,0.0,-0.08732274919748306,0.0,0.0,0.0,0.0,0.0,0.09621749073266983,-0.15793433785438538,0.0,0.0,0.0,1.0,0.0,-0.012769229710102081,-0.07548835873603821,0.0958172082901001,0.016303740441799164,0.041695743799209595,0.0009527280926704407,0.0,0.0,0.0019673488568514585,0.0,0.0,0.0,0.0925000011920929,0
0.907963752746582,0.0,0.06585904955863953,0.0,0.0,0.0,0.0,0.0,1.475007934459427e-06,0.0,0.010676272213459015,6.891666544106556e-06,1.475007934459427e-06,-0.18450920283794403,0.0,6.891666544106556e-06,0.0,0.0,0.0,-0.033044133335351944,0.026244718581438065,-0.03808530420064926,0.0,0.0,0.0,0.0,1.0,0.0,0.06326845288276672,0.0,0.0,0.0,0.0,0.0,0.0,0.041742805391550064,0.0,0.0,0.0,0.0,-0.05490010976791382,0
0.3079212009906769,0.0,0.00168319302611053,0.030693277716636658,0.0,0.0,-0.13989070057868958,0.0,0.0016780673759058118,0.0012381821870803833,0.0016780673759058118,0.0016834749840199947,0.0016780673759058118,0.0016803373582661152,0.06502214074134827,0.0016834749840199947,0.0,0.0,0.0,0.0,0.0,0.0,0.0,0.0,-0.06240229308605194,0.0,1.0,0.03422069922089577,0.0,0.0,0.012732040137052536,0.0,0.0,0.0,0.0,-0.05080372095108032,0.0063162255100905895,0.0,-0.07379428297281265,0.0,0.0,0
0.040139924734830856,0.0,0.042966604232788086,0.0,-0.0021346965804696083,0.0,0.0,0.052297890186309814,0.04283576458692551,0.0,0.04283576458692551,-0.16917464137077332,0.04283576458692551,-0.009157834574580193,0.0,0.042840950191020966,0.0,0.0,0.03951086476445198,0.0,0.0,0.0,0.0,0.0,-0.060772065073251724,0.0,1.0,0.0,-0.03865663707256317,0.0,0.0,0.0,0.0,0.0,0.0,0.0,0.08096534013748169,0.0,0.07930926233530045,0.0,0.04284094274044037,0
0.907963752746582,0.0,-0.19871512055397034,0.0,0.0,0.04288333281874657,-0.08725328743457794,0.024366773664951324,1.475007934459427e-06,0.0,1.475007934459427e-06,6.891666544106556e-06,1.475007934459427e-06,-0.05139869451522827,0.013296648859977722,6.891666544106556e-06,0.07128219306468964,0.0,0.0,0.0,0.0,0.0,0.0,0.0,0.0,0.0,1.0,0.0,0.0,0.0,0.0,0.030742574483156204,0.0,0.0,0.11150671541690826,0.0,0.0,0.0,-0.049047499895095825,0.0,0.0,0
0.16132918000221252,-0.052175942808389664,0.25643613934516907,0.0,-0.06518881767988205,0.0,0.0,0.0,0.028993576765060425,0.0,0.2558293044567108,0.25583332777023315,-0.05076782405376434,0.2558310031890869,0.0,0.25583332777023315,0.0,0.0,0.0,0.0,0.0,0.0,0.0,0.0,0.0,0.0,0.03600001335144043,0.0,0.0,0.0,0.0,0.012334030121564865,0.0,0.024513810873031616,0.0,0.0,0.0019673488568514585,-0.20209279656410217,0.0817514955997467,0.0,0.25583332777023315,0
0.3198951482772827,0.05696146562695503,0.9002653956413269,0.050361793488264084,0.0005136986146681011,0.0005158184212632477,1.0,0.0009127870434895158,0.44916367530822754,0.9633375406265259,0.8999994397163391,1.5833333577575104e-07,-0.05419477820396423,0.8999996781349182,0.0,0.031695399433374405,0.0,0.012826003134250641,0.03707173839211464,0.0,0.0,0.047755446285009384,0.0,0.0,0.005810264032334089,0.08629235625267029,-0.1482641100883484,0.0,0.4399494230747223,0.0,0.0,0.0,0.0,0.0,0.0,0.050361793488264084,0.0063162255100905895,-0.036468755453825,0.0,-0.07615303993225098,0.8999999761581421,0
0.304803729057312,0.0,0.025160763412714005,0.0,0.03418345004320145,0.0,0.1488526165485382,0.0,0.02508414350450039,0.0,0.02508414350450039,0.02508942410349846,0.02508414350450039,0.03357933461666107,0.0,0.02508942410349846,-0.005180463194847107,0.0,-0.04696047678589821,0.0,0.0,0.0,0.0,0.0,-0.1930292248725891,0.0,1.0,0.0,0.0,0.0,0.0,0.0,0.0,0.0018510594964027405,0.0,0.0,0.0063162255100905895,-0.06382036209106445,0.0,0.04176081717014313,0.0,0
0.2705824077129364,0.0,0.20954348146915436,0.0,-0.19870136678218842,0.0,0.0,0.0116787850856781,-0.03203586861491203,0.0,0.2091623842716217,0.20916667580604553,0.2091623842716217,0.20916418731212616,0.06409500539302826,0.20916667580604553,0.0,0.05968647822737694,0.0,0.0,0.0,0.0,0.0,0.0,0.0,0.005012582987546921,-0.07938338071107864,0.0,0.0,0.0,0.0,0.03489772230386734,0.0,0.0,0.02555062063038349,0.0,0.0063162255100905895,0.0,0.0,0.0,0.20916666090488434,0
0.2966558039188385,0.0,-0.07986965030431747,0.0,0.0,0.0,0.0,0.0,0.0748324766755104,0.0,0.0748324766755104,0.07483749091625214,0.03777177631855011,0.07483458518981934,0.048770058900117874,0.07483749091625214,0.0,0.0,0.0,0.0,0.0,0.0,0.0,0.0,0.0,-0.039678893983364105,1.0,-0.029378904029726982,0.0,-0.13603949546813965,0.031146451830863953,0.03525945544242859,0.0,0.0,0.0,0.0,0.0063162255100905895,0.06168264523148537,0.0,0.0,0.07483748346567154,0
-0.031184686347842216,0.0,0.15472224354743958,0.0,0.0,0.0,0.0,0.0,0.15416209399700165,0.0,0.06502483785152435,0.15416666865348816,0.15416209399700165,0.023641757667064667,0.0,-0.053286559879779816,0.0,0.0,0.0,0.0807141363620758,0.0,0.0,0.0,0.0,0.0,0.0,0.02121872454881668,0.019136585295200348,0.007227569818496704,-0.1775151640176773,0.0,0.0,0.0,0.0,0.0,-0.05707202106714249,0.0063162255100905895,0.0,0.0,0.0,0.15416666865348816,0
0.3031741678714752,0.0,0.032180577516555786,-0.0885114073753357,0.10907797515392303,-0.17981119453907013,0.0,0.0,-0.015172239392995834,0.0,0.03208258002996445,0.03208782523870468,0.03208258002996445,0.03208478167653084,0.0,0.03208782523870468,-0.06902901828289032,0.0,0.0,0.0,0.03296922892332077,0.009130623191595078,0.0,0.0,0.0,0.033300742506980896,1.0,0.0,0.0,0.0,0.0,0.0,0.0,0.0,0.0,0.0,0.0063162255100905895,0.0,0.0,0.04303746297955513,0.0,0
0.9067592620849609,0.0,-0.034919410943984985,0.0,0.0,0.0,0.0,0.0,2.0566778403008357e-05,0.0,0.019512664526700974,2.5983332307077944e-05,2.0566778403008357e-05,2.284054789924994e-05,0.0,2.5983332307077944e-05,0.0,0.0,0.035682447254657745,-0.056508228182792664,0.04176134616136551,0.0,0.0,0.0,0.0,0.0,0.04689214006066322,0.036607515066862106,0.0,0.0,-0.14621329307556152,0.0,0.0,-0.06617004424333572,0.0,0.0,0.0,0.0,0.0535489022731781,0.0,0.0,0
0.3009068965911865,0.0,0.034181080758571625,0.04308563843369484,0.026006150990724564,0.0,0.0,0.026938043534755707,-0.022550635039806366,-0.16685032844543457,0.0340769924223423,0.03408222645521164,0.0340769924223423,-0.09343519061803818,0.0,0.03408222645521164,0.0,0.0,0.0,0.0,0.04751799255609512,0.0,0.0,0.0,0.0,0.0,1.0,0.0,0.0,0.028639815747737885,0.0,0.0,0.0,0.0,-0.020747851580381393,0.0,0.0019673488568514585,0.0,0.0,0.0,0.0,0
0.3009068965911865,0.05023542046546936,-0.1557607352733612,0.0,0.0,0.0,0.0,0.0,0.0340769924223423,0.0477851927280426,0.0340769924223423,0.03408222645521164,0.0340769924223423,0.03407919034361839,0.0,0.03408222645521164,0.03763335943222046,0.0,0.0,0.0,0.0,0.0,0.0,0.0,-0.02448209933936596,-0.03026404231786728,1.0,0.0,0.04705508053302765,-0.00502420961856842,0.06628072261810303,0.0,0.0,0.0,-0.058615900576114655,0.0,0.0019673488568514585,0.0,0.0,0.0,0.0,0
0.1819470077753067,0.06473550200462341,0.009668352082371712,0.0,0.0,0.0,0.0,0.0,0.009638910181820393,0.0,-0.0965811014175415,0.009644274599850178,0.009638910181820393,0.009641162119805813,0.0,0.009644274599850178,-0.07779305428266525,0.0,0.0,0.0,0.0,0.05609303340315819,0.0,0.0,0.0,0.0,1.0,-0.003990571945905685,0.0,0.0,0.0,0.0,-0.017734579741954803,0.0,0.001712694764137268,0.0,0.0063162255100905895,0.01146657019853592,0.0,0.0,-0.12027046084403992,0
0.9010910987854004,0.051913920789957047,-0.08055727183818817,0.0,0.0526345819234848,-0.04116072505712509,0.0,0.0,0.0012588053941726685,0.06236856058239937,2.0333443899289705e-05,2.5749999622348696e-05,2.0333443899289705e-05,-0.04190286248922348,0.0,2.5749999622348696e-05,0.0,0.04547065868973732,0.0,0.0,0.0,0.0,0.0,0.0,0.03270264342427254,0.0,1.0,0.0,0.0,0.0,0.0,0.0,0.0,0.0,0.0,0.0,0.0,-0.1454792022705078,0.0,0.0,0.0,0
0.2966558039188385,0.0,0.04719751328229904,0.0,-0.13237106800079346,0.03396083042025566,0.0,-0.02395038679242134,0.0748324766755104,0.0,0.033092617988586426,0.07483749091625214,0.0748324766755104,0.07483458518981934,0.0,0.07483749091625214,0.0,0.0,0.0,0.0,0.0,0.0,0.0,0.0,0.0,0.0,1.0,0.0,0.0,0.0,0.0,0.0,0.0,0.0,-0.06807657331228256,0.0,0.0063162255100905895,0.031707171350717545,0.0,0.0,0.07483748346567154,0
0.9056256413459778,0.031229734420776367,2.0897081412840635e-05,0.0,0.0,0.0,-0.06267863512039185,0.0,2.0833445887546986e-05,0.0,2.0833445887546986e-05,0.03016619384288788,0.004750292748212814,2.310721538378857e-05,0.0,2.6249999791616574e-05,0.0,0.0,0.0,0.0,0.04827272891998291,0.0,0.0,-0.04490915685892105,0.0,0.0,-0.1898035854101181,0.0,0.0,0.0,0.07461705058813095,0.0,0.0,0.0,0.0,0.0,0.0,0.0,0.0,-0.09537792205810547,0.07330474257469177,0
0.18130934238433838,0.033621758222579956,0.06821780651807785,0.0,0.0,0.0,0.0,0.0,0.04260261356830597,0.042745690792798996,0.04260261356830597,0.04260779917240143,-0.11496907472610474,0.04260478913784027,0.05481076240539551,0.04260779917240143,-0.06383993476629257,0.0,0.0,0.0,0.04014620557427406,0.0,0.0,0.0,0.0,0.0,1.0,0.0,0.0,0.0,0.0,0.0,0.0,-0.030911503359675407,0.0,0.0,0.0063162255100905895,0.0,0.0,0.0,-0.06489869207143784,0
0.30111944675445557,0.0,0.03427677974104881,0.0,0.0,0.0,0.0,0.0,0.03417240083217621,0.0,0.03417240083217621,0.03417763486504555,0.022125694900751114,0.0341745987534523,0.04822323098778725,-0.05789674073457718,0.0,0.1056244969367981,-0.21835146844387054,0.0,0.0,0.06307373940944672,0.0,0.012440592050552368,0.0,0.0,1.0,0.0,0.0,0.0,0.0,0.0,0.0,0.0,-0.07153595238924026,0.0,-0.015917913988232613,0.0,0.0,0.0,0.0,0
0.18201784789562225,0.08541591465473175,0.009668410755693913,0.0,0.0,0.0,0.0,0.0,0.009638968855142593,0.0,0.009638968855142593,0.009644333273172379,0.009638968855142593,0.009641220793128014,0.0,-0.17671698331832886,0.0,0.034170422703027725,0.0,0.06146126985549927,0.0,0.0,0.0,0.0,0.0,0.0,1.0,0.0,0.0,0.029361754655838013,-0.014632939361035824,0.0,-0.059775423258543015,0.0,0.0,0.014462769031524658,0.0063162255100905895,0.0,0.0,0.0,0.0,0
0.9015161991119385,0.0,2.1925217879470438e-05,0.0,0.01438085362315178,0.0,0.0,-0.08381825685501099,2.1858451873413287e-05,0.0,2.1858451873413287e-05,2.7275000320514664e-05,2.1858451873413287e-05,2.4132217731676064e-05,0.0,2.7275000320514664e-05,0.04851091280579567,0.0,0.0,0.0,0.04881726950407028,0.0,0.0,0.0,0.03994274139404297,0.0,1.0,0.013764996081590652,0.0,0.0,-0.08939778804779053,0.11563623696565628,0.0,-0.17335960268974304,0.0,0.0,-0.01201655063778162,0.0,0.0,0.0,0.0,0
0.9056256413459778,0.09256362915039062,0.029902491718530655,-0.05406924709677696,0.0,0.0,0.0,0.0,2.0833445887546986e-05,0.0,2.0833445887546986e-05,2.6249999791616574e-05,2.0833445887546986e-05,2.310721538378857e-05,0.032659728080034256,2.6249999791616574e-05,0.0,-0.18685099482536316,0.0,0.0,0.0,0.0,0.0,0.0,0.0,-0.04426603764295578,0.02291308343410492,0.0,0.0,0.0,0.0,0.0,-0.08568232506513596,0.017375793308019638,0.0,0.0,0.0,0.0,0.0,0.0,0.0,0
0.26718151569366455,0.0,-0.04515416920185089,0.03549828380346298,0.0,0.0,0.0,0.0,0.21832910180091858,0.0,0.21832910180091858,0.0755220428109169,0.21832910180091858,0.21833088994026184,0.0,0.21833333373069763,0.0,0.0,0.0,0.029810750856995583,0.0,0.0,0.0,0.0,0.0,0.023260612040758133,-0.06400441378355026,0.0,0.0,0.0,0.0,0.0,0.0,-0.05020543560385704,-0.19716015458106995,0.0,0.0019673488568514585,0.0,0.033750806003808975,0.0,0.21833333373069763,0
0.30182796716690063,0.028651952743530273,0.03398451209068298,0.0,0.0,0.10005274415016174,0.034859634935855865,0.0,0.03388102352619171,0.0,0.03388102352619171,0.03388625755906105,0.03388102352619171,0.033883221447467804,0.0,0.03388625755906105,0.0,0.0,0.0,0.0,0.0,-0.13920509815216064,0.020523950457572937,0.0,-0.055841438472270966,0.0,1.0,0.0,0.0,0.0,0.0572495236992836,0.017110154032707214,0.0,0.0,-0.07750944048166275,0.0,0.0019673488568514585,0.0,0.0,0.0,0.0,0
0.3053705394268036,0.0,0.024992331862449646,0.0,0.0,-0.0017777010798454285,0.0,0.0,0.03581623733043671,0.0,0.02491622604429722,0.024921508505940437,0.02491622604429722,0.024918444454669952,0.0,0.024921508505940437,0.07856413722038269,-0.1050405278801918,0.0,-0.1471599042415619,0.0,-0.005975843407213688,-0.0989450216293335,0.0,0.0,0.0,1.0,0.0,0.0,0.0,0.0,0.0,0.0,0.0,0.029210001230239868,0.0,0.0063162255100905895,0.0,0.0,0.0,0.0614592544734478,0
0.29084596037864685,0.0,0.09254623204469681,0.0,0.0,0.0,0.04548029601573944,0.0,0.03387816622853279,-0.12929876148700714,0.09249509125947952,0.09250000864267349,0.09249509125947952,0.09249715507030487,0.0,-0.05611409246921539,0.0,-0.06470179557800293,0.0,0.0,0.013182468712329865,0.002573341131210327,0.0,0.0,0.0,0.0,0.03952454775571823,0.0,0.0,0.0,0.0,0.0,0.0,-0.0494769923388958,0.0,0.0,0.0063162255100905895,0.0,0.0,0.0648665577173233,0.0925000011920929,0
0.2970809042453766,0.0,0.060250815004110336,0.0,0.0,0.0,0.0,0.0,-0.0731835663318634,0.0,0.06006734073162079,0.019202426075935364,-0.06490122526884079,0.060069479048252106,0.0,0.03794526681303978,0.0,0.0,0.0,0.05184312164783478,0.0,0.0,0.0,0.0,-0.0029740873724222183,0.06819888949394226,1.0,0.0,0.0,0.0,0.0,0.023360341787338257,0.0,0.0,0.0,0.0,0.0063162255100905895,0.0,-0.15004760026931763,0.0,0.06007242575287819,0
0.3052288591861725,0.0,0.024992214515805244,0.0,0.0,0.0,-0.05844493210315704,0.0,0.024916110560297966,0.0,0.024916110560297966,0.00599253922700882,-0.049874741584062576,0.052719734609127045,0.0,0.02828199416399002,0.0,0.0,0.0,0.0,-0.11800515651702881,0.0,0.0,0.0,0.027276601642370224,0.0,1.0,0.0,0.0,0.0,0.055680807679891586,0.0,0.0,0.0,-0.04639247804880142,0.0,0.0063162255100905895,0.0,0.0,0.0,0.0,0
0.2948136627674103,0.01774303987622261,0.0640420988202095,0.0,0.0,0.0,0.0,0.0,0.08072608709335327,0.0,0.08326918631792068,0.04952540248632431,0.08326918631792068,-0.1598769575357437,0.0,0.08327414840459824,0.0,0.0,0.0,0.0,0.0,0.0,0.0,0.0,0.0,0.0,1.0,0.021574057638645172,-0.052939750254154205,0.0,0.0,0.0,0.0,0.0,0.0,0.02448127418756485,0.0063162255100905895,-0.043398719280958176,0.0,0.0,0.08327414095401764,0
0.304803729057312,0.0,0.025160763412714005,0.0,0.0,0.0,0.0,0.0,0.02508414350450039,0.0,0.014992944896221161,0.08201717585325241,0.053060729056596756,0.013825718313455582,0.0,0.03386420011520386,0.0,0.0,0.0,0.0,0.02338448166847229,0.0,0.0,0.0,0.0,0.0,1.0,0.0,-0.17620651423931122,0.0,0.0,0.0,0.0,0.0,0.0,0.0,0.0063162255100905895,0.0,0.0,-0.08294838666915894,0.0,0
0.907680332660675,0.0,2.027016853389796e-05,0.0,0.0,0.0,0.0,0.0,2.0208442947478034e-05,0.0,2.0208442947478034e-05,0.0686967745423317,-0.08230637013912201,2.2482212443719618e-05,0.0,2.5625000489526428e-05,0.0,0.0,0.018538031727075577,0.0,0.0,0.06922019273042679,0.0,0.0,0.0,0.0,1.0,0.0,0.0,-0.12905797362327576,0.0,0.0,0.0016538891941308975,-0.08152271062135696,0.0,0.0,0.005227766931056976,0.0,0.0,0.0,0.060538530349731445,0
0.17840442061424255,0.0,0.06746995449066162,0.0,0.0,0.0,-0.08064796775579453,-0.05596214905381203,0.06726449728012085,0.0,0.06726449728012085,0.06726954877376556,0.06726449728012085,0.018137410283088684,0.03949356824159622,0.06726954877376556,0.0,0.0,0.0,0.0,0.0,-0.05203017592430115,0.0,0.0,0.0,0.011494047939777374,0.07030407339334488,0.0,0.0,0.0,0.0,0.0,0.0,0.0,0.0,0.0,0.0063162255100905895,0.012915559113025665,0.0,0.0,-0.1565994918346405,0
0.9067592620849609,-0.15226951241493225,2.0629599021049216e-05,-0.07437640428543091,0.0,0.015663400292396545,-0.05834847688674927,0.0,2.0566778403008357e-05,0.0,2.0566778403008357e-05,2.5983332307077944e-05,2.0566778403008357e-05,2.284054789924994e-05,0.0,2.5983332307077944e-05,0.045797571539878845,0.0,0.05284694582223892,0.0,0.0,0.033730193972587585,0.0,0.0,0.0,0.0,0.06021770089864731,0.0,0.0,0.0,0.0,0.0,0.0,0.0,0.0,0.03514273837208748,0.0,0.0,0.0,0.0,0.0,0
0.179963156580925,0.0,0.06403037905693054,0.0,0.0,0.0,0.0,0.0,0.01152464747428894,-0.07832342386245728,0.017466045916080475,0.06384046375751495,0.06383539736270905,-0.2172691971063614,0.0,0.06384046375751495,0.0,0.06758525222539902,0.0,0.0,0.0,0.0,0.0,0.0,-0.06806597113609314,0.0,1.0,0.0,0.0,0.0,0.11788912862539291,-0.0033332090824842453,0.0,0.0,0.0,0.0,0.0019673488568514585,-0.006956133991479874,0.0,0.05790447071194649,0.06384045630693436,0
0.26555192470550537,0.0,0.22722221910953522,0.0,0.0,0.0,0.0,0.0,-0.06634792685508728,0.0,0.0814724862575531,-0.202974334359169,0.22666248679161072,0.2266642451286316,0.0,0.0286036878824234,0.02307998761534691,0.0,0.0,-0.03843449428677559,0.0,0.0,0.0,0.0,0.0,0.027755387127399445,1.0,0.0,0.09995778650045395,0.0,0.0,0.0,0.0,0.0,0.0,0.0,0.03136627748608589,0.0,0.0,0.0,0.2266666740179062,0
0.30544140934944153,0.0,0.02521839737892151,0.0,0.0,0.0,0.0,0.03882177919149399,0.025141602382063866,0.0,0.025141602382063866,0.010162312537431717,0.03504564240574837,0.02514381892979145,0.0,0.025146882981061935,0.0,0.048137061297893524,0.0,0.0,0.0,-0.0030690301209688187,0.0,0.0,0.018783286213874817,0.0,1.0,0.0,0.0,0.0,0.0,0.0,0.0,0.0,0.0,0.0,-0.14826276898384094,0.04531672224402428,0.0,-0.07885675877332687,0.0,0
0.2873033881187439,0.0,-0.08999956399202347,0.0,0.0,0.024643629789352417,0.0,0.0,0.10999518632888794,0.0,0.10999518632888794,0.04772201180458069,0.10999518632888794,0.1099972128868103,0.0,0.11000000685453415,0.0,0.0,0.0,0.0,0.0,0.0,0.05104585736989975,0.0,0.05877446383237839,0.0,-0.14637696743011475,0.0559469498693943,0.0,-0.04638345167040825,0.04660088196396828,0.0,0.0,0.0,0.0,0.0,0.0063162255100905895,0.0,0.0,0.0,0.10999999940395355,0
0.1830097734928131,0.030157655477523804,0.009604708291590214,0.0,0.0,-0.175583153963089,0.0,0.0,0.009575460106134415,0.0,0.009575460106134415,0.0095808245241642,0.08094917237758636,0.036844223737716675,0.07863771915435791,0.0095808245241642,0.0,0.0,0.0,0.0,0.0,-0.042062293738126755,0.04081036150455475,0.0,0.0,0.04353272169828415,1.0,0.0,0.0,0.0,0.0,0.0,-0.05111420154571533,0.0,0.0,0.0,0.0063162255100905895,0.0,0.0,-0.038461312651634216,0.0,0
0.1735156625509262,0.0,0.06803648173809052,0.0,0.0,0.0,0.0,0.0,0.06782930344343185,0.0,0.06782930344343185,0.06783434748649597,0.06782930344343185,0.017583496868610382,0.0,0.06783434748649597,0.0,0.0,0.0,0.022830210626125336,-0.07238973677158356,0.0,0.0,0.0,0.04844004288315773,0.018683835864067078,-0.18736007809638977,0.0,0.0,0.0,0.0,0.0,0.0,0.0,0.08360119163990021,-0.07983849942684174,0.0063162255100905895,0.0,0.0,0.0,0.05518394708633423,0
0.9363043904304504,0.0,-0.057887837290763855,0.08379160612821579,0.3017979562282562,0.031370628625154495,0.0,0.05675182119011879,0.01833319664001465,0.05754464492201805,0.014440443366765976,1.7499999671599653e-07,0.10499516129493713,0.03500770404934883,0.48506179451942444,3.991666744695976e-06,0.16448597609996796,-0.06492920219898224,0.19203197956085205,6.126984317234019e-06,0.0,0.027234535664319992,0.0,0.11999999731779099,0.033577073365449905,0.4001625180244446,0.0,1.0,0.3659924268722534,0.11999999731779099,0.0,0.0,0.0,0.0,0.1111111119389534,0.08379160612821579,-0.17426955699920654,0.09090909361839294,0.07508393377065659,0.00014006179117131978,0.10499999672174454,0
0.16614708304405212,0.0,0.23513464629650116,0.0,0.0,0.0,0.0,0.0,0.23416252434253693,0.0,0.23416252434253693,0.23416666686534882,0.061704762279987335,0.0938052237033844,-0.08123990893363953,0.00547436997294426,0.0,0.0,0.0,0.0,0.0,0.0,0.0,0.0,0.0,0.0,0.014732785522937775,0.0,0.021273862570524216,0.0,0.0,0.0,0.0,0.0,-0.18384313583374023,0.027711205184459686,0.0063162255100905895,-0.1005379855632782,0.0,0.0,0.05943044275045395,0
0.3043077886104584,0.05616719275712967,0.025452995672822,0.0,0.0,0.0,0.0,-0.14962518215179443,0.0253754872828722,0.004539333283901215,0.023612480610609055,0.02538076601922512,0.0253754872828722,0.025377703830599785,0.0,0.02925625443458557,0.0,0.0,0.0,0.011082731187343597,0.0,0.0,0.0,0.0,0.0,0.0,1.0,0.0,0.0,0.0,0.0,0.0,0.0,0.0,0.06874912977218628,0.0,-0.10041605681180954,0.0,0.0,0.0,0.0,0
